login,name,company,location,email,hireable,bio,public_repos,followers,following,created_at
yyx990803,,,Singapore,,False,,0,0,0,
halfrost,,,Singapore,,False,,0,0,0,
DIYgod,,,Singapore,,False,,0,0,0,
yangshun,,,Singapore,,False,,0,0,0,
bytedance,,,Singapore,,False,,0,0,0,
Jinjiang,,,Singapore,,False,,0,0,0,
phith0n,,,Singapore,,False,,0,0,0,
cloudflare,,,Singapore,,False,,0,0,0,
rustdesk,,,Singapore,,False,,0,0,0,
mmumshad,,,Singapore,,False,,0,0,0,
Brooooooklyn,,,Singapore,,False,,0,0,0,
doodlewind,,,Singapore,,False,,0,0,0,
cch123,,,Singapore,,False,,0,0,0,
JamesNK,,,Singapore,,False,,0,0,0,
uknownothingsnow,,,Singapore,,False,,0,0,0,
Shib-Chain,,,Singapore,,False,,0,0,0,
kazura233,,,Singapore,,False,,0,0,0,
XingangPan,,,Singapore,,False,,0,0,0,
sonnylazuardi,,,Singapore,,False,,0,0,0,
Vamei,,,Singapore,,False,,0,0,0,
hpdang,,,Singapore,,False,,0,0,0,
CodexploreRepo,,,Singapore,,False,,0,0,0,
vintagewang,,,Singapore,,False,,0,0,0,
NaiboWang,,,Singapore,,False,,0,0,0,
zer0yu,,,Singapore,,False,,0,0,0,
fmzquant,,,Singapore,,False,,0,0,0,
cheeaun,,,Singapore,,False,,0,0,0,
fossasia,,,Singapore,,False,,0,0,0,
mithi,,,Singapore,,False,,0,0,0,
tanhauhau,,,Singapore,,False,,0,0,0,
